knowledge_point_id,unit_id,display_name,type,granularity,difficulty,priority,description,prerequisites,confusable_with,tested_by,remediated_by,student_report_label
kp_pep6_u1_by_bus,PEP6_U1,by bus,vocabulary_phrase,medium,1,core,理解并使用 by bus 表示乘公共汽车,,kp_pep6_u1_on_foot,multiple_choice;fill_blank;translation_cn_to_en,meaning_discrimination;sentence_substitution,乘公共汽车
kp_pep6_u1_on_foot,PEP6_U1,on foot,vocabulary_phrase,medium,1,core,理解并使用 on foot 表示步行,,kp_pep6_u1_by_bus,multiple_choice;fill_blank;translation_en_to_cn,meaning_discrimination;sentence_substitution,步行
kp_pep6_u1_usually,PEP6_U1,usually,frequency_adverb,medium,1,core,理解 usually 表示通常并能放入句子,,kp_pep6_u1_often,fill_blank;translation_en_to_cn;sentence_completion,adverb_contrast;guided_fill,频率副词 usually
kp_pep6_u1_often,PEP6_U1,often,frequency_adverb,medium,1,core,理解 often 表示经常并能放入句子,,kp_pep6_u1_usually,fill_blank;translation_en_to_cn;sentence_completion,adverb_contrast;guided_fill,频率副词 often
kp_pep6_u1_how_go_to_school,PEP6_U1,How do you go to school?,sentence_pattern,medium,2,core,掌握询问上学方式的问句结构,kp_pep6_u1_by_bus;kp_pep6_u1_on_foot,,sentence_ordering;dialogue_completion;rewrite,word_order_drill;question_pattern_drill,询问上学方式句型
kp_pep6_u1_i_go_by_bus,PEP6_U1,I go to school by bus.,sentence_pattern,medium,2,core,掌握表达上学方式的陈述句结构,kp_pep6_u1_by_bus;kp_pep6_u1_how_go_to_school,kp_pep6_u1_i_usually_go_on_foot,translation_cn_to_en;sentence_completion;sentence_substitution,frame_sentence_practice;slot_substitution,表达上学方式句型
kp_pep6_u1_i_usually_go_on_foot,PEP6_U1,I usually go on foot.,sentence_pattern,medium,2,core,掌握 usually 与 on foot 在句子中的组合表达,kp_pep6_u1_usually;kp_pep6_u1_on_foot,kp_pep6_u1_i_go_by_bus,translation_en_to_cn;fill_blank;sentence_substitution,frame_sentence_practice;adverb_position_drill,通常步行表达
kp_pep6_u1_bus_stop,PEP6_U1,bus stop,vocabulary_phrase,medium,1,support,理解 bus stop 表示公共汽车站,,kp_pep6_u1_by_bus,multiple_choice;reading_detail;translation_en_to_cn,meaning_discrimination;picture_word_match,公共汽车站
kp_pep6_u1_reading_detail_bus_stop,PEP6_U1,reading detail: bus stop,reading_skill,medium,2,core,能在短文中定位 Amy 和 Mike meet at the bus stop 的细节,kp_pep6_u1_bus_stop,,reading_multiple_choice;short_answer,underline_evidence;detail_location_drill,阅读细节定位
